x,y
0.3531227206413361,0.17160362226800435
-0.1049776640645524,0.12132011393334657
-0.10362334631047813,-0.10414033881273196
0.054104408721191675,-0.4278224687062265
-0.3857033529100738,-0.12573131382832156
-0.2264759234795041,0.07026783974310177
-0.20304035580718302,-0.31580070810602723
0.3277290278447476,-0.050485115559631255
0.015099765608071768,-0.3185833795192818
-0.12172767778148504,0.024803045083157924
-0.2573699880781936,0.08400863080328856
-0.13430689405748655,-0.0652247053149582
-0.13454568874560377,0.41418199338018824
-0.003018071202161203,-0.23651135376898438
0.18392663380093202,-0.2729889391234165
0.04670331964556186,-0.4381955610470612
-0.296991429210375,0.044019510553798005
0.1651261471981524,0.03831911259280726
-0.025859742090119753,-0.06732883316140534
-0.3306075676689857,-0.16096205831800933
-0.10300196049380408,0.23637971583514059
0.07683538537872865,-0.3942277634452863
0.0724673785984723,-0.08610701559415197
-0.1513643608149257,0.13677497620729767
0.230538501707077,0.20824056524379214
-0.1876547429834828,-0.06914198918875301
0.07407275510782076,0.21813852193642688
-0.10714661688887206,-0.04151460924533422
-0.24738402077629418,-0.2674799326579917
0.18168629723473476,0.3032644897690617
-0.016101952692165106,0.22439677773439215
0.08086427351193265,-0.14425316249250408
0.0808105140686511,0.34391543144982806
-0.00801094588144177,0.3498649574963902
-0.5857928136466931,0.18378298706603188
0.01946431618226137,-0.0668600761413783
0.02051833340015508,-0.4444339203013071
-0.04912012739503859,0.07985279855200197
0.33046715475841454,-0.11588874387735293
-0.18078466554428882,-0.11219628576443484
0.20469013619291013,0.07351098288775422
-0.1184579827397239,0.11477008710782907
0.02170719994313087,0.21659560448961804
-0.15698384417238012,-0.07326748334461111
-0.08767804849354015,-0.32725189101104957
0.06621450690324639,0.058373733447894226
0.0011434036652540386,-0.05245527768736381
-0.31648651925890464,-0.09405915361206826
-0.07663329558298317,-0.17939465107824396
-0.03606458150846273,0.0903485182204342
0.4217639893308448,0.0390367856855227
0.05759001812877323,-0.01664661283003732
-0.4290502870678541,-0.005928682785141171
0.01346788437272187,0.5507976808557283
-0.04301321934680329,0.06742803558923575
-0.007761787668024188,-0.261324353592833
0.2555429499493219,0.16813733756151983
0.17688012059622665,-0.20334521668065533
0.31367434377030945,-0.3134634270733866
0.13122523548153747,0.4898007681007955
-0.22149065571750523,-0.1266280218895593
0.022282722638661503,-0.11258057876199933
-0.3467388842086932,0.015331147240588256
-0.23753833166420468,0.10589848685296199
-0.2055895087907473,0.3465758690284909
-0.17514076052643412,-0.07201514431725407
0.18190797989050542,-0.2752296282625135
0.050861587593249005,0.29228600548718137
-0.3594441785170144,0.041285385862631176
0.05811155941220664,0.17482090876581677
-0.276590587434008,-0.295263074819558
0.116709682100205,0.06640779176249663
0.05601190412510616,0.07746817471183258
-0.15205815038298734,0.05193350548776538
0.06553299726298432,-0.1597338330530327
0.41719986376061147,0.10595226211360385
-0.26638356015783526,0.1468098499778036
-0.21794544710513236,0.1759974678011608
0.25906984730912835,-0.18351014517665476
0.21541745128909265,0.09230062124453842
0.18381823993420326,0.42413580484588054
-0.05487045082530224,-0.16854053006033007
-0.1989014731609623,-0.18242072539261947
-0.017240466343137247,0.0762839006348312
0.06186994360506758,0.18496379746936867
0.002907311407510249,0.32502010041361845
-0.05917906698298955,0.6082483166793338
0.1399034720904555,-0.1916662563574419
-0.23945884222592087,0.1078841117752268
-0.04996779784300451,0.15965536407583547
0.10581914980569712,-0.016285039942816232
-0.18934883165207453,-0.3387301369924491
-0.09984377857919194,0.1914965919956145
0.04787281654325826,-0.2785556591407573
0.038724432260959354,0.08615958539857785
-0.19763653097644168,0.03437397867425575
5.031882228136341,4.37396938531977
5.195968208052984,5.307154334991733
5.593211596821112,5.5771911550447495
4.245419410386017,4.486332070645305
5.282096433760883,5.281412155043859
5.282103235980667,7.1102279454420945
5.312689610572292,5.621974916654709
5.522528285764936,5.356781682101702
4.827319923022868,5.415704562516275
4.576706196989003,4.870289107051552
4.734155436263262,5.044844313018211
6.267790709889656,3.977256733173271
5.375880186585911,4.116679138502832
4.741512271501627,5.596442805967743
5.035207616455447,4.409694873894723
4.608212022971198,5.372231017121255
4.599961720559456,5.1185592522798
5.024960724702333,4.643103791138087
6.174286539753352,5.347211748155195
3.890783723123268,5.102125234143384
4.637524624994756,5.466896966237245
4.565918514269758,4.937156262840708
5.2765929239507505,5.47419364912424
4.342570582163148,4.816786127616557
4.739861739495834,4.642156841841839
5.966979111645102,5.221817618470353
4.309385415814382,5.502733693077513
6.162352819653196,5.565504513044312
4.1678067964511305,4.734774075178554
5.693915814764306,4.612393470422967
5.2430899122547325,5.42428454487491
4.4922992714777825,4.967396619741425
3.2246847629394004,4.438919781211698
4.861662726174586,4.316561004362279
5.894108494289778,4.21667930686944
4.75897770833028,5.071609563360839
5.789417891951175,4.213545910331128
5.63709102512762,5.005604878352755
4.462405571434571,5.253104496755501
5.109029485555701,4.671247676984821
5.0382321765099265,4.788955051285362
5.062176010662211,5.362663906451289
5.868697186785333,4.322020529263026
6.168310495210605,3.9307974779709034
4.916863879555946,5.322234604960027
5.153905584433986,4.658933426446626
4.8860067487605825,4.729972267216227
4.677191628023106,5.465346233442108
5.195545435041725,4.620477784363965
5.492731144503629,5.168314879494648
5.445222918629543,5.344861919577417
4.54594073245874,4.6931762079974115
5.409309564605369,5.334313562808324
4.988551725498022,5.064262854451275
5.699805884355808,4.6759830059599565
5.299657576818832,4.8892545233001545
4.880771094647585,5.601824867497899
5.4520991536743,5.445577578385366
5.715040191023363,5.011504277856528
5.373521025535925,4.830059898569799
5.17755322364209,4.928717713420198
5.053126878013493,5.325980928089473
4.551842074775738,6.146047709929707
4.448981586910333,4.334961507710253
5.634323449507999,5.433611515418809
5.341844502385463,5.3441590093311175
4.993292166255103,4.50855354091709
5.041519866484417,4.629103255526011
5.534095074261327,4.919453354903636
4.54785656415946,4.823969724863872
5.226171872210172,4.691235346209751
4.5496513421074445,5.133472982709653
5.134173716830941,4.722335787475935
4.742001694563832,5.1270989851584385
4.206851540991901,4.229100341902599
4.606491893710809,4.883090180172194
5.170291086977044,5.808085880378755
5.469759522289127,4.912398059324815
4.989584393973489,4.45089205242655
4.989859937806807,4.841895152044701
5.176760235222764,4.54690695195011
5.284457801011568,5.83951567741746
4.940429613332569,5.2200265718078365
5.378007432186835,4.78024249701526
5.122740507254881,5.006897141961335
5.0534994025042925,4.576605104210168
5.013424775330005,5.27276489771416
5.794824088168774,5.525414270203483
6.179346602403488,4.579706430359601
5.4777896901091845,5.100420552281137
6.199404463014298,4.557276795918236
4.5400654050077955,4.671699127287613
3.8366944020067457,4.712032114903829
4.584205917128105,5.082374069361634
5.187187457095339,6.027621090371939
5.5205685753651395,4.684016854286509
4.5079180185089145,5.269435226703366
4.276878491347406,6.0031312791990015
5.646005959345665,4.743021911910057
4.061677574375937,5.741546439313471
4.93726394302199,5.677979916115717
4.126696004968175,4.671708779523042
5.002872092620432,5.0257323309699355
4.7534889889166205,5.341148957887292
4.415240207973802,4.922015544327869
5.065888631057941,5.281769753870634
5.389767520985574,4.384008157180602
4.159731062899768,5.699812416555324
5.182015880536264,4.590037039939061
5.849600927112387,5.063357606533359
5.645927669714079,5.036981395316809
6.128718123789826,5.961439775516265
4.863636719867946,5.5321513260544455
5.353486965659102,5.749630376973897
4.47148965437433,5.375765860250498
5.579722966863349,4.0366987105110095
4.351902621252942,3.883066536250408
4.852439799628656,5.39301407946259
5.822874846859959,5.040583382629303
5.892029471812979,4.24408729968993
4.067019013907006,4.969575272296817
5.2103613099424075,4.982092348956916
3.8676153254723076,4.951186944033094
4.2855126289959955,5.366794761136192
5.200794128929074,4.485206639685372
4.71854349781905,4.419844860846929
4.9656692445394235,5.523152994566357
4.46009560890164,5.276077646581001
4.7095659411284485,4.565725664536904
4.941377057514991,4.432974427526872
4.696753786514283,4.3438952570923375
6.076124274595642,5.019314642872671
4.616744555210699,5.1172016239620755
4.938475393343771,4.878969965812771
5.336392955682293,5.414904060276991
4.709432554671336,4.684611360575971
4.849347980989966,3.739185852475755
4.17009567630364,5.748667869552715
5.900985923052349,4.863597343503223
5.315793254352316,5.170478730670464
6.686372470660676,5.6132164338095665
4.929936649644254,4.4766289460747215
4.120113112973759,5.111441622996495
4.585729635421943,4.220999560757952
4.645857446229192,4.407611761395717
5.924085531235392,5.482893982474586
4.995633204507991,5.810598788717626
5.0423763673346,4.528255214509689
5.8342494149998325,5.295173187392182
4.431876883589915,4.895747212447894
4.520404130857894,4.242609394838758
5.507288335037893,6.045830565661222
4.233972991623985,5.308350950116891
4.643628388018861,4.733190438978715
4.675532484765365,4.526772765970114
5.026576390152255,4.544869877080131
5.148135304310863,4.9724834542082945
4.8691227646594655,4.502906909927821
4.684089331725455,5.413744814126246
5.274363643103921,4.464570941216349
5.05440654437258,5.411551676889646
4.085629069911572,5.297610634216837
4.637066020086494,5.312529762070888
4.581945742739297,4.011425359828733
4.108558293474442,5.026337209962872
5.14225587288453,4.504685385303373
5.349771494725055,4.089947982147903
4.963806603685465,4.33669910988592
4.642974659960388,5.025961321475773
4.528732191055047,4.789370253811649
5.551169271061991,4.684023309820844
5.457727420907213,4.381234072335813
5.290185699304681,5.78957965172594
3.6462245531467032,4.5635224926099776
5.316075421364272,4.888787461866908
5.203284966970422,4.6691836888367755
5.047427179848485,4.914732066485716
5.639620577420965,5.139352034975562
5.184912593492382,4.774405694737934
4.732927071895577,4.763078123097637
5.216050336236832,4.769417303495141
5.1587162257199966,6.136743833282344
5.4771346504695355,4.821429557154162
5.657931961558448,4.776487913033761
3.883673217078358,4.447848387598372
3.9753250644557157,4.807468135523343
5.010088161754801,5.918222532176505
5.179065497276555,4.879993698010074
5.45428414613488,3.7889113135602255
5.129051408352673,5.422220255487485
4.190144959969503,5.626459889702174
5.185402118019152,4.772537441697268
5.3465889020466255,6.243709699385338
5.099612250344526,5.135956014353852
-5.410864879030975,4.39906928339824
-4.257325068021709,4.394657321435716
-4.935989211473425,4.662245180308133
-4.571587419912025,5.235934737273381
-4.071996062107198,4.639363945853465
-5.241383480295734,4.307909539390987
-5.397387972590072,5.2667917371770425
-4.322928797994986,4.34793064589891
-4.222200819602997,5.958580722794192
-4.630212580848303,6.327095045962325
-5.692098099780283,4.119896219052767
-6.590935755802125,6.057863077609561
-4.414717564100424,4.960695702269194
-4.749588447992658,4.2041590625041305
-2.8124529269888385,5.091373174047624
-4.902154321151533,5.513194501317631
-4.569772264012704,5.158309911767107
-5.707021846741139,5.333378472445744
-3.3166661162248046,5.951355638180503
-3.5750105607962923,4.638515928546641
-5.885129459583859,4.9110552158129686
-4.950158123232907,5.7737102426276135
-6.513786384622539,6.08155540305665
-5.141326560881805,4.69814950068001
-5.905253673362676,3.829839625431913
-4.263733846873184,5.0518436317817335
-6.153776104055115,4.08424101810307
-5.300334965366821,6.180176438478444
-5.232185563208021,3.9371174247574143
-5.219799278518104,4.80715531444202
-7.412168744491423,4.961607731701637
-5.2065541231594334,5.492292241664804
-3.346243393715861,5.796601771840843
-5.240501356184603,4.217568026370158
-2.6983170197471313,5.041873756262893
-4.9875412625616855,4.9829409873078
-4.822827603846517,4.897921773793697
-5.513098897397264,4.613312334296423
-5.029295415475357,4.615740659266567
-5.637588651016072,5.075257535724169
-5.228058556346711,6.063483641083841
-7.371099479146547,5.7718118967059535
-3.8854675215277563,3.5338917066182454
-5.306509102163806,4.737351644844572
-6.258916731405992,4.450000545684434
-5.993329233852358,6.2390423130176025
-4.163103803137801,5.899125230322674
-4.354516882934698,4.201639836261615
-5.4691451883911455,5.346040070784452
-6.093104343150104,5.504166024950258
-5.2149535708005175,4.734961665251862
-4.364098072726362,5.31414160018417
-5.32285795373957,5.819769965590527
-5.966932435398198,5.435532244444541
-4.469514107856822,4.781117613668927
-4.7082977570236695,4.115329106103399
-4.173525108802746,4.869254445465282
-5.467537682913836,5.741761537116515
-5.629984148630674,4.004067466302532
-6.392291459103506,5.4285137460630315
-6.145250829027091,6.240826865667845
-6.862134272153556,6.199575802004989
-4.811260239558045,4.931613502766792
-5.487390448136768,5.282231853074799
-5.033661501173975,5.780152242469763
-4.897831685072687,5.106279394753977
-5.325224649583705,4.959733363307936
-4.72469372846507,3.790728332581602
-6.2058537000410485,5.525567081095938
-4.847173306136255,4.869904135239695
-4.9835121890292395,5.245777380877622
-5.482775734674115,4.449655450838491
-4.824830678612319,4.308185974420093
-4.63484763448833,3.79609158790639
-4.079495214205096,5.334176884585953
-4.771000043925185,5.694867458558754
-3.5103543709571925,5.717267951606959
-6.646527967714093,4.095202449771072
-5.558854725332909,5.018449158532359
-4.536991696426035,4.486821628315002
-4.832950727476624,4.4658636061403865
-5.546958150776528,4.005340399587315
-5.82576491895671,4.0442146493432265
-5.872847572432466,5.745037259322981
-5.849168181276396,6.861375208720365
-4.558763055645131,5.130698876472881
-5.7677385382004065,5.495193864662031
-5.51486612395515,5.086273967307049
-2.7101907777139256,4.932075393504601
-3.972058687079173,4.50277918142297
-5.031294657272524,6.252145137587318
-5.560776384346594,6.281594665911408
-4.366967424445805,4.602275928573029
-4.434357322389962,5.687699846404211
-4.443836262158309,3.889683452578711
-5.650371261644649,4.824977894331489
-5.066575282906446,5.438881449071363
-4.841059392897396,4.055768948736886
-4.659940704100531,5.431749320986033
-4.499308202108455,5.76422738001539
-4.254117349794226,5.324689347808204
-5.062758120204468,3.8255232606249043
-4.615737783058855,5.146857371961986
-4.757092503512319,4.097202424167192
-5.966926364749449,5.744691524217657
-5.0353792051535775,5.481893764495544
-4.974671274383953,5.0210407680193745
-4.160773451060178,4.635101273281926
-4.914026963483947,4.673122008581696
-5.388625240202346,4.781382294941481
-4.8013175146114415,4.661473603138043
-3.8768175760223382,4.367417110101585
-5.16714307976478,4.689063186795994
-3.7057836354584897,5.138985215345941
-4.077090187014467,3.94955018636354
-4.761142980842778,5.629063968337716
-4.926402962608115,5.753408398429896
-5.462676855359976,5.996559132003126
-2.9438030088962566,4.743434393437152
-5.3984695687998725,6.027698019441191
-3.587187722712369,4.630282129188542
-5.375826514510243,4.800748192240737
-6.202513094022789,4.350414979090802
-5.898130805374554,4.457085135136351
-5.031023106395507,5.165614825630367
-3.61319019956832,4.294057087768611
-4.119595282092289,4.848687037149871
-5.044241686880861,5.477169438987868
-6.004193104019714,5.270404524718568
-4.8511206189722635,5.348215628184049
-4.741359702104275,6.736159378779273
-5.570411982702235,4.624528452328807
-5.557353830648311,4.607218362247816
-5.570096377856275,5.840761652089055
-3.7294623756669862,4.596421425352656
-5.74448145716474,5.333341136677656
-5.493923306301651,5.44755038036365
-4.818500132470755,3.9282070577418553
-3.615869269716594,6.2698772808273615
-5.5480948671064665,4.725853597892663
-4.74431422156983,5.2364966642137105
-4.410980096044158,6.421429260933662
-5.1582664116427255,4.435518604984324
-6.233700622605206,4.483154412184115
-5.02962966529384,6.26894403452507
-5.46296562022674,5.158241978151712
-5.014689084802435,5.840320942371619
-2.7398429284792534,4.62461909074786
-5.437767945736138,5.738333236825234
-4.39009771036679,6.305819272894824
-4.47771875345322,4.745942126177778
-4.471702258933347,5.78397182015598
-4.266138427406157,5.358696907315806
-4.045937153680066,5.826816841215663
-3.763759416131027,5.458707160537399
-5.149474955143102,5.103742242569879
-3.920865574169719,4.422339247251743
-4.670248567948167,4.72186745849946
-4.974289848766621,5.904001981470193
-4.829075797388256,5.032835598096108
-6.2162923083406545,5.527680957022491
-4.422661397027107,6.52965208428312
-5.2752852221399245,5.154962682790425
-4.776944452297378,6.115427911125713
-5.085234915347703,5.197298012969224
-4.456280832395583,5.131952576415136
-5.399302363830368,5.137242350138842
-4.0397145698046,4.2741440707947
-4.881068307864636,4.504939824106659
-3.9311178005768346,3.9229442106128447
-5.4999148978436105,5.266729074802216
-3.599752740089059,4.953507544530504
-5.49658555310468,6.330178920278454
-6.295143005478133,3.445209397560566
-4.606439111439425,4.644994053436916
-5.913418399983154,5.500883647382584
-4.781938012417852,4.601136175083637
-6.145139066928045,5.616920493122788
-4.418442386813599,4.929872074191565
-3.3483176588285635,4.243335805286355
-6.36447119342988,4.510747111829277
-5.040773372557724,5.172066974746276
-5.21576808959633,5.248940758228578
-6.119410891604311,6.020895741977313
-5.073478247726999,5.790047459107428
-4.693457131154917,5.322973298592426
-4.490384652018248,5.316577758783508
-4.425131287299959,5.939852767287899
-4.824226122211896,5.501341364877581
-5.080262044973751,6.018316648747811
-5.60498366674484,6.273457192624274
-5.035918362991134,3.988289222939453
-4.885419928016655,4.518423754661174
-4.248105551845815,4.53852515867033
-5.399078594840994,3.663892935820229
-5.404555070597463,3.286058491362782
-6.416685753227171,5.537694359873269
-4.2971589714106475,5.300843927045243
-5.864889755462994,4.966262976532399
-5.003222208919245,4.180912473184906
-3.6553196799963636,5.6203888252234195
-5.197636365310084,5.0190111590709225
-4.813616750434796,3.5562754291521603
-5.221082171926609,4.517764313578349
-5.8958761718996175,4.801232076706817
-3.392100289491587,5.453144332876892
-5.5108780193895965,5.404877167487594
-3.7483784476439213,5.65381474730111
-4.946664975734013,4.5425466174854146
-4.375490082913943,5.278236184329521
-4.199314842808426,5.449134288187798
-4.061251513030593,4.621531552375706
-3.8216869264347313,5.139724020437777
-3.1438302471057495,4.512670620317706
-3.447306771857375,5.139944057056381
-5.582645975139644,4.6578410454200805
-5.28652734301263,5.299930617049204
-4.532361723081338,4.594332836848282
-5.021783409543939,6.514813897709386
-3.4548384150357307,5.308527425618707
-4.96600865577379,5.084874965077301
-4.45125284302277,4.276776441401023
-5.230204573396847,3.8201328863812813
-4.642923983865945,5.457636637720208
-5.432175110203616,6.112976713820247
-6.096358138783334,3.964530592004398
-4.799244190410581,5.740410310345978
-3.4938492850823657,4.675519825945583
-4.035198532168598,4.9727704000829345
-5.154402550975967,5.624841934059707
-4.416544680235705,3.8853224159871487
-3.6793421625966336,5.975871955174588
-5.559520289905487,5.279875362511189
-4.5581259682139645,5.1843241874915185
-5.492207892946736,4.525090562127656
-5.022856255935491,5.829244642012546
-4.513789240698982,4.737936092576992
-4.309771689936544,2.9857761964535743
-3.9725127214991285,3.7698365897023325
-5.324177033122568,4.208273824819426
-6.157998315568675,5.820828493138346
-5.4183246717166815,5.245015244479251
-5.041967041566998,5.337318803832309
-4.931288411771674,4.092787498066651
-4.1089118671954745,4.6508613717911365
-6.392249175179557,4.697276866552233
-3.6576796360973316,5.601197559360691
-5.311843949214547,4.753037508894793
-5.287679135387478,6.46848258199136
-4.658386546317249,5.304085364921439
-4.078486464276608,5.168849433621481
-5.231694338837002,4.861159690227057
-5.064042113329777,4.973679904152961
-4.349188351196226,5.036731288109084
-4.344706793722108,4.942924758851034
5.971311680210923,-6.765796016550603
3.8045758116182045,-5.328530535268191
5.431573086484842,-8.162772956220916
2.7676372641109275,-6.544966235658057
4.326870315606744,-6.647385358206479
4.881125921791233,-6.32083351947501
4.6752752534863635,-2.9342574590447885
5.095436748945812,-4.683551292088151
3.7766569473468072,-5.16912316688189
4.64061991162517,-4.789953267307565
2.376316108178594,-6.6897531097960625
4.2215410638614745,-4.237018322416418
3.150525042179108,-4.737457849448873
4.899903488694245,-6.415312448539149
3.803180652472921,-7.097079950788199
5.0652151035943,-5.852844290036352
4.89673384040312,-4.674529454728102
4.421682150039168,-4.857817341937922
2.977738492095277,-5.712789520974629
4.759098105112244,-4.007295363497558
4.336498795699892,-6.863695274388229
3.968957499078683,-4.806950061673476
4.600103462406677,-3.6181544102778602
5.099213582434119,-4.789985656309019
5.182880799652676,-4.868526064087603
6.973246496449893,-5.485652624439268
3.687629306604945,-6.8139894351785735
7.235170429482226,-6.168450502356975
6.406278519709732,-5.697562710132869
2.651900402616576,-5.255465673578831
4.5671715253043965,-2.600359408814243
4.0878090278554495,-5.948402778531353
6.547028030964308,-1.331144350048982
7.40588996347333,-5.4614197683983425
2.5787544277287977,-3.6074643389708454
3.1726680753966674,-5.461619921293416
3.891258745430117,-4.674697511019601
4.012976656585295,-5.277050956445726
4.9180725418164535,-5.124751423087437
5.981267949080145,-4.725894658458977
6.921681614265244,-3.9287808860691102
6.676152384318261,-5.270857655847868
4.06419696141274,-3.930067126635491
4.817525480847636,-6.972428969756198
5.594701646757747,-3.518472778513034
6.203958457105553,-4.5219042624198735
4.905342724341627,-6.2051327265518
5.59006563637979,-6.2149591436216465
5.494775084775504,-4.315553556662218
6.525957619023262,-3.5353335276993123
4.729114501911974,-4.5132047347550355
4.030338097602198,-3.983984700763829
5.0891018778637775,-5.453397606003402
4.577236798430931,-4.617954615488981
4.924546278612365,-4.998567728987851
6.126280624654685,-5.088871294365889
5.622465299433917,-2.5435950083347616
6.7405817127991705,-4.744740864548035
5.3194589644738395,-3.742870013600164
4.664980935176303,-3.7295829115539254
5.596022881523769,-4.301276394532834
4.7865411493296355,-2.591821302435098
6.1474501434177125,-3.923973422690194
4.080964407005591,-5.078009464321263
5.273368058031909,-4.984771902481617
5.029462351504948,-5.155858558565636
2.764958769655607,-3.763817731519224
6.341044785683841,-5.793193165145626
3.731402471377123,-2.7293635520440103
5.019534471632059,-3.0470240355067846
3.4403962036091054,-6.619400363865829
3.509326000021531,-3.9930781310572185
5.526493671040307,-4.91567159950169
6.179742303185214,-5.472467949262669
6.365165834174949,-5.605567293260577
5.37010130603521,-5.683001760501185
5.565748323466806,-6.492707870912728
4.193197363179657,-4.511637203182376
7.0036861877987935,-3.3187277920785276
4.284800171778741,-6.874372025766548
2.931013262175025,-5.782537380591629
5.808107815419167,-4.566598911725772
4.3431665407437405,-5.315946269396197
4.892573286344916,-6.156576884903762
5.561603375673842,-6.326910740493883
5.601498207411412,-5.698584371360842
5.157701529683877,-3.4388584728393683
3.4722483629075045,-5.222912777358921
6.373843205912532,-4.525582233742347
3.5852770707232198,-5.706537714384351
2.2303814049162116,-6.245984826011111
4.951605191573192,-5.395939116400837
4.933265752355127,-5.221785872260288
3.7113808885893014,-4.663564728239274
6.572959829178509,-5.604190434671715
6.758793209827296,-3.31148580478558
7.3585639349665914,-6.091597632019454
3.2507019635229444,-3.129127213711488
4.562679584444025,-4.277409274579499
4.961999541900107,-5.140582308508407
4.138739557139027,-5.876006704340239
4.534351231813975,-4.9068595283270415
5.212462873235313,-3.6939983746241585
5.593422296036235,-5.528134123572449
4.883294771620648,-6.136017322234872
4.973707312135851,-5.027047716585189
3.5494208534223355,-5.334409859721098
4.594588264689915,-4.2822287902049485
3.169343736437659,-5.47089617329303
5.683253153875878,-6.131091449115158
6.337883679459216,-4.534563601325027
5.77212185716184,-4.7441979961789436
4.65693897160165,-4.5848061749878735
4.820226753948834,-4.535032022691813
5.974911132309994,-6.7366516196781445
6.1136507211173186,-4.4823422564654605
6.018224679330979,-3.660317858304789
2.6641272286496793,-5.000494426618728
4.446296643144011,-3.5770161318880564
5.014324758312715,-5.39029540850715
5.837580706428865,-4.840505585011539
5.338436178912324,-4.589042512354391
4.821058161667669,-5.106985299571296
3.8869606595439428,-4.278033883547991
4.737697443050752,-6.920402035524804
7.325634534627454,-2.456336475923195
6.628528479814099,-4.259662159251323
7.246449592668949,-5.7453700845271065
4.000026803837805,-4.719090317335214
7.00875805414788,-6.826611608846864
5.395760689807499,-4.291465394386321
6.536127501203545,-3.833501739309269
4.7101421372234835,-4.493194186017505
5.383233188136379,-5.915374512367634
3.762523910280227,-5.952519548516386
5.524367857415159,-5.781019545307839
5.95808519876973,-5.455579057259511
-5.758528181467711,-3.2728016096106503
-2.300910037525935,-5.401949850402602
-6.781540236189533,-6.369599117387082
-4.731791865274479,-3.500117936538519
-5.264838059840365,-2.8210443588230794
-5.596353308662435,-5.994520638426292
-7.4410173515587115,-7.285718856923513
-6.13095074664052,-5.314995894892597
-7.57853780891986,-4.590321355579003
-4.609101338147091,-5.724990396157992
-5.205727385485348,-5.996604897801477
-7.680844764505112,-6.481688514742299
-4.633743370381993,-4.536709866499433
-2.7012460745745304,-4.825800442394769
-6.1747699536429135,-6.568794231583963
-3.9546606770765074,-3.6654592269675605
-6.945137311567043,-5.279797381077192
-5.853288463297247,-6.49827304750044
-4.023542245265625,-2.4704165786782477
-4.438989960945813,-4.975076819969116
-7.0359590262934315,-5.544690172710299
-6.831433782568117,-3.354351445233447
-4.700527560907007,-3.6245660231215093
-5.227797896175265,-4.796202938311785
-7.267068198988966,-5.74960972159926
-6.311144931676872,-4.434385038389392
-4.04677167530503,-5.487516042218955
-2.521296469470858,-5.990766130294964
-7.024901107717101,-7.666791936551997
-4.555187734264426,-5.080221763388098
-5.865377071161217,-4.4883023097387404
-5.777714030448436,-6.228698663117864
-4.946106026626342,-4.604162646898526
-5.600742587516743,-3.309174588506009
-6.0562653664254835,-4.710014390576784
-6.5301127282023055,-4.440182048023194
-4.489942217460799,-6.3485058280695785
-5.142926866975027,-5.923976079895154
-4.653130449202921,-4.033361431393294
-6.612811788265919,-5.9694826527666764
-6.3758300226573255,-3.666494628293174
-6.803892332361679,-2.77710096541737
-4.7207558764701325,-7.086345217623273
-6.1924575034412275,-5.2479814267645315
-7.053369473377376,-5.40541055312696
-4.118600468994178,-6.025948652250731
-4.241836980158432,-5.622583928405663
-4.587306133236575,-3.989838874834293
-7.3849617391063305,-5.967653216876768
-3.7092860653438917,-3.6319027843780978
-6.196910550621795,-6.522037485582951
-4.835196349020091,-4.879301881539868
-4.3573842870388955,-3.7711460986372627
-5.0843654421507045,-4.513911808442991
-3.601837582100277,-4.69711454589694
-5.719841768491813,-5.923203865877389
-7.002989268872896,-6.750618930915239
-5.825494271002254,-4.313738886773592
-2.156367816771851,-5.501525318732329
-3.75233054851447,-2.6090964340231
-5.754412717758901,-2.1842734088366496
-4.376537113898701,-4.37791315869563
-8.144313948648545,-4.369625017361386
-8.35799418267684,-5.525110596424041
-6.66366290679989,-5.26803224458021
-5.68987296035771,-6.133495190066301
-3.9404582732703095,-4.349496378100189
-4.519983127548408,-5.284791113928557
-6.44825042339078,-4.669482500843061
-5.961995642482249,-3.6989848736756628
-3.4131396443514914,-4.267717038168503
-3.002523903302526,-6.160119445251169
-4.823275135624386,-5.046971019487115
-7.318211441872352,-5.623449020383011
-4.739904210667946,-2.460589188099267
-6.912284576181157,-5.435068832687066
-4.156775804368163,-5.7097479224467635
-5.143545259068605,-3.6919323988922033
-8.321443623090996,-5.072898458252446
-3.7257408958840914,-5.64885040376958
-4.167482356346328,-6.754251891808517
-5.333041523959693,-5.395194114529702
-3.4826524582641882,-6.108112997704822
-5.35824789979827,-5.904824910073103
-1.839826172485553,-6.731803818854336
-5.981248923366342,-3.332778285455236
-6.885092070092283,-6.751471449543123
-4.490534745086775,-4.08373067385178
-3.8826354214331626,-3.9222541656894885
-6.69417986398404,-4.47299672593907
-4.753684486684455,-5.109066904091989
-3.390702005867197,-5.066225096151536
-4.918025823132549,-4.478034568033468
-5.720084174137523,-6.475455312371705
-6.773897564918992,-6.444160389735988
-4.543674045150352,-5.676592023875715
-2.373635518369335,-2.242653034102784
-5.79103665933637,-5.849809860099028
-5.382608221690792,-4.574553267286755
-2.6767102065032518,-4.242863152762409
-5.3070300348691255,-6.798914977901814
-4.601125991117402,-6.493875798472529
-5.582459404892149,-5.405705078499092
-3.580536702072745,-2.628449528802411
-3.585589668167093,-5.165339915412024
-5.918277395433032,-4.093910408259927
-3.722334808861543,-4.131228828735304
-5.951952773458753,-4.699136259202561
-5.0174895405929165,-5.481678532425998
-3.9796794204810517,-4.258891011653594
-1.9380500099640603,-6.855486086263039
-6.082923320454917,-4.509602292515225
-1.366343713623924,-4.049686257606635
-6.980791218170278,-3.5845827366925946
-4.609192303330588,-5.692441153154762
-5.552411677693803,-3.577545070527926
-3.706495466301657,-5.22587409909957
-3.8290402380981767,-5.49935672162637
-6.090709795362787,-3.589754178126076
-5.272827230071101,-5.492367263330629
-3.7259362727041214,-6.218042781461868
-6.096851171889616,-5.777750635645738
-6.598730425102357,-1.8915503756113488
-4.954834740386873,-5.9365783004806305
-5.107800504136756,-3.5932540024974617
-4.321213441356148,-6.425690439541971
-5.804855160537878,-6.354606981075146
-8.041097465237488,-5.493880309721026
-5.156763324444998,-3.4534364088544454
-5.576982049703125,-4.262549359196366
-5.140976539371353,-6.172940892117882
-4.759077616262881,-3.5297387029686442
-4.335678696656636,-5.107277792320162
-4.0084429459597555,-3.843737963566604
-7.0535359922373395,-7.638720319323828
-5.84155602892828,-3.70833635971215
-5.156599954524251,-4.516424747228383
-3.872485478139504,-3.7536715732585018
-5.323651377508156,-3.9354093292426366
-8.020558598270986,-3.544590451519631
-5.9361580546964525,-5.160605069509727
-5.048635321508074,-5.483144351400599
-5.268040828775152,-5.544636366832055
-5.973713753580316,-3.9114086176195206
-4.352936818259917,-3.1377136011226474
-6.634764961651854,-6.161813442924756
-1.9085528775212643,-3.869170976829956
-6.663377614780538,-6.0573619240586405
-3.4186893054940137,-4.670284900627102
-6.400271157473371,-5.163996690839777
-4.480693364459534,-5.14965926849879
-3.9643873205304283,-5.543339782233701
-6.903109422998834,-6.589699481367573
-7.446144304844173,-4.560065049474182
-6.042780244588513,-6.198210372292599
-5.507980364725528,-5.344990293285522
-4.017971470670066,-3.9769441725936945
-4.157391858995277,-2.9555352660258984
-4.514848364022272,-4.442086931874205
-5.217633924863703,-5.466660975209092
-5.485889626606038,-5.909562351276648
-5.353996035102963,-6.9455733382436815
-6.275803055636125,-3.3009880482464995
-3.3181189580830663,-4.830036707804555
-5.767311973861651,-5.243834818773632
-5.733892315198932,-4.825979714121562
-6.457123493335807,-4.476889535674212
-5.391312897669146,-5.551360286530016
-6.959411836164482,-3.7735759869063794
-4.2694291723336555,-5.798730966910727
-6.361947184655788,-5.996169725113393
-2.677803814697852,-2.4776248856003034
-4.2560908956414965,-4.656386352320083
-5.53841612017728,-5.088362550937527
-5.667182248207155,-5.971037908919217
-5.5143289052940325,-5.650851815726235
-6.308050060590546,-5.01894871250534
-4.413923185649418,-3.244550376710831
-4.770828986034976,-3.8216865077706768
-6.529399118893403,-3.586967785354111
-4.51072975097039,-5.145761808308589
-4.800951273024129,-5.2659382188588175
-5.106661752950375,-7.139526807069474
-3.025364681827792,-5.149519936286393
-7.209819990581785,-4.171154216735287
-4.768128639992008,-5.07328132497511
-5.757167680507479,-3.9773519710325536
-3.9380635576057936,-4.0378775202145265
-6.548041232052571,-5.313875570756277
-5.8193955573468825,-4.222146669685561
-1.8947214262687115,-2.211168712080275
-3.1042298072449657,-6.176915349801966
-6.448906864915762,-4.133172008665883
-5.36903766991136,-4.005610695735656
-7.838455721859262,-5.067324728815475
-7.545611256809789,-5.621179939847433
-4.178391002222467,-6.547420625993217
-4.198133306260416,-5.58624175289271
-7.705252251681205,-6.897586246919547
-5.475664991780305,-4.58646243842438
-6.0288821838017075,-3.4612598274855735
-4.306816502052429,-4.321922156208905
-3.282928864709462,-5.632282317930386
-4.18797638291881,-4.545657259165544
-4.047812177722149,-5.299840146650421
-3.1345098445651542,-3.9536819429027474
-3.4910710117159014,-3.0923353635638398
-4.270303642219462,-6.418952946536323
-4.1687721335625465,-5.45123361608726
-6.181638065266748,-4.010594326069745
-2.6421432447206885,-3.3951944857798617
-5.178187836292121,-4.248846784887114
-4.844142218639235,-5.8683952818205185
-4.130876911729071,-5.484094321952416
-6.403076554821171,-5.839807740548005
-7.422679581109312,-6.575121634484283
-3.2158307102435018,-5.839305646404292
-1.7603727819219803,-5.030128785611765
-5.63716528117491,-4.741133456725863
-3.469670310340546,-2.9059366931010544
-4.4598155129851556,-4.4778231173638865
-7.598514064365894,-5.455391916068228
-4.141582503795262,-5.61280210999338
-1.8059504325272941,-3.9485889919261226
-4.160706474246598,-5.747765938107674
-4.874430092882857,-4.8237982832200235
-4.336417043455976,-5.4237881139545685
-5.471563202427451,-4.724465124503611
-4.400058602760825,-2.8190945891576136
-4.8833795812190735,-4.903741954035803
-6.049245340253103,-5.349270343262387
-6.396761613692661,-5.494887216396282
-4.415771783682688,-4.175144986800579
-3.583902248813923,-3.9855294353027095
-4.837641509782173,-5.166655373690796
-3.7541567498932116,-6.644298797562777
-4.343985985516346,-4.4754479436706385
-4.6170105769398555,-6.081730241408689
-6.13909603155839,-6.815237930081467
-6.498221734770278,-5.377893381971148
-5.183255166569504,-2.8356661719386587
-3.984459563236992,-3.193155095449141
-5.908592065804749,-6.421896596633777
-6.656441553819061,-6.344528249425562
-5.5225235241293475,-4.988963752862542
-5.291586793481532,-4.140003878111363
-5.022459438121432,-7.257117085181426
-5.73215196155319,-7.585348288642425
-6.9811092614821355,-4.77891402229068
-3.354113102593531,-4.509830112799139
-3.4474545660436235,-4.316201839330559
-5.049158018746408,-4.030134888899406
-7.494470025942729,-4.751108802972581
-4.153301057863732,-4.745127368422636
-2.3616228144725167,-4.403264543503875
-7.174096655408758,-4.270993103270736
-3.064556471949011,-4.563917667336733
-5.126608017258568,-4.718822141841223
-4.196806255837502,-3.959560206795744
-4.379222356138458,-4.634879504579614
-5.709812933725088,-5.430449224499466
-4.373038925226821,-4.753137967012151
-4.673491067015817,-5.27290299545137
-5.5826902861127135,-3.30917705956979
-5.555516303068986,-5.722407213828045
-5.7093586005063095,-5.866673286525632
-6.728462624613305,-5.594025227927083
-5.118174911677995,-4.498648617070325
-2.3230085125270024,-4.791087077302524
-3.5387423578399266,-3.9135077586287075
-8.519642735700202,-4.312666813466412
-6.112101634417504,-5.044770422471654
-2.3605942274959277,-4.064967619635013
-3.6255028121875537,-4.947015283132567
-4.511798854950317,-5.303932175364888
-2.870660098536291,-2.7244823711112294
-3.7506359441850003,-3.9209146282197014
-7.15347444506178,-7.510422407749045
-1.5652522689844166,-3.24413129056654
-7.546688537593343,-4.061526039129237
-3.695658601326839,-3.5566445455791196
-4.33775169440865,-4.726631891632471
-7.555767131580986,-8.507750029028582
-5.5963195426942525,-4.768530213726793
-6.459706796471709,-5.776443320216335
-5.17348166038493,-5.609673526521652
-5.150970330653535,-5.533594943384093
-5.591384294674494,-5.839678147814198
-5.470651492657977,-5.328420631422911
-6.426048282446817,-5.947280630592
-3.4321914304352834,-2.4120896478892764
-3.454155404754153,-4.883349055442974
-5.018619443438067,-3.248205666434159
-4.039680222296003,-0.38099189218235097
-6.4931428199967876,-5.6364141003041155
-5.092878192567381,-4.691057253832649
-6.043791112095405,-4.817334807131726
-5.769571721131241,-5.360696133335178
-4.658128127953866,-4.982783927854046
-5.3985523825029045,-3.791776264022955
-4.080208963336417,-8.203837659808835
-5.959547059996852,-5.343200652090628
-4.752907759724747,-5.34572885739881
-6.996666051016499,-5.018401551444866
-4.234519537921182,-4.004689266758958
-2.952489834164824,-5.504516554029884
-4.6846950981986675,-3.6987442115063685
-6.526390042317533,-5.285110518087034
-6.233413432825079,-5.100073097311627
-4.418631493010624,-4.086570023245693
-6.467379531276201,-4.939190785894258
-6.943175510303762,-5.29224739026677
-6.068272599693137,-4.28730566488044
-4.459750248330214,-5.7974868360076535
-4.3618375328887575,-5.561248559689725
-4.044346694093444,-4.594780474370013
-3.7990258934882535,-4.6528489053886615
-2.6746850622274474,-3.289236381503871
